{
    "mainCameraId": 1243,
    "objects": [
        {
            "type": "Light",
            "localScale": {
                "y": 1.20000004768372,
                "z": 1.20000004768372,
                "x": 1.20000004768372
            },
            "name": "AreaLight",
            "localRotation": {
                "y": 70,
                "z": 0,
                "x": 30
            },
            "lightType": "Rectangle",
            "width": 1.20000004768372,
            "color": {
                "a": 1,
                "r": 1,
                "g": 1,
                "b": 1
            },
            "id": 1254,
            "intensity": 4,
            "children": [
                
            ],
            "height": 1.20000004768372,
            "localPosition": {
                "y": 2.30999994277954,
                "z": -0.779999971389771,
                "x": -14.75
            }
        },
        {
            "type": "Light",
            "localScale": {
                "y": 1.20000004768372,
                "z": 1.20000004768372,
                "x": 1.20000004768372
            },
            "name": "AreaLight (2)",
            "localRotation": {
                "y": 0,
                "z": 0,
                "x": 30
            },
            "lightType": "Rectangle",
            "width": 1.20000004768372,
            "color": {
                "a": 1,
                "r": 1,
                "g": 1,
                "b": 1
            },
            "id": 1244,
            "intensity": 4,
            "children": [
                
            ],
            "height": 1.20000004768372,
            "localPosition": {
                "y": 2.21000003814697,
                "z": -5.46999979019165,
                "x": -1.37999999523163
            }
        },
        {
            "type": "Shape",
            "materialID": 1239,
            "localScale": {
                "y": 1,
                "z": 1,
                "x": 1
            },
            "name": "floor",
            "localRotation": {
                "y": -180,
                "z": 0,
                "x": 0
            },
            "width": 80,
            "finite": true,
            "id": 1250,
            "children": [
                
            ],
            "height": 24,
            "localPosition": {
                "y": 0,
                "z": 0,
                "x": 0
            },
            "shapeType": "Plane"
        },
        {
            "type": "Shape",
            "materialID": 1239,
            "localScale": {
                "y": 1,
                "z": 1,
                "x": 1
            },
            "name": "floor (1)",
            "localRotation": {
                "y": -180,
                "z": 0,
                "x": 180
            },
            "width": 80,
            "finite": true,
            "id": 1240,
            "children": [
                
            ],
            "height": 25,
            "localPosition": {
                "y": 7,
                "z": -2.5,
                "x": 0
            },
            "shapeType": "Plane"
        },
        {
            "radius": 0.75,
            "type": "Shape",
            "materialID": 1246,
            "localScale": {
                "y": 1,
                "z": 1,
                "x": 1
            },
            "name": "GameObject",
            "localRotation": {
                "y": 0,
                "z": 0,
                "x": 0
            },
            "id": 1245,
            "children": [
                
            ],
            "localPosition": {
                "y": 0.75,
                "z": 7.82000017166138,
                "x": -5.1100001335144
            },
            "shapeType": "Sphere"
        },
        {
            "radius": 0.75,
            "type": "Shape",
            "materialID": 1253,
            "localScale": {
                "y": 1,
                "z": 1,
                "x": 1
            },
            "name": "GameObject (1)",
            "localRotation": {
                "y": 0,
                "z": 0,
                "x": 0
            },
            "id": 1252,
            "children": [
                
            ],
            "localPosition": {
                "y": 0.75,
                "z": 4.84999990463257,
                "x": -3.52999997138977
            },
            "shapeType": "Sphere"
        },
        {
            "radius": 0.75,
            "type": "Shape",
            "materialID": 1242,
            "localScale": {
                "y": 1,
                "z": 1,
                "x": 1
            },
            "name": "GameObject (2)",
            "localRotation": {
                "y": 0,
                "z": 0,
                "x": 0
            },
            "id": 1241,
            "children": [
                
            ],
            "localPosition": {
                "y": 0.75,
                "z": 2.15000009536743,
                "x": -1.91999995708466
            },
            "shapeType": "Sphere"
        },
        {
            "radius": 0.75,
            "type": "Shape",
            "materialID": 1235,
            "localScale": {
                "y": 1,
                "z": 1,
                "x": 1
            },
            "name": "GameObject (3)",
            "localRotation": {
                "y": 0,
                "z": 0,
                "x": 0
            },
            "id": 1234,
            "children": [
                
            ],
            "localPosition": {
                "y": 0.75,
                "z": -0.150000005960464,
                "x": -0.349999994039536
            },
            "shapeType": "Sphere"
        },
        {
            "radius": 0.75,
            "type": "Shape",
            "materialID": 1249,
            "localScale": {
                "y": 1,
                "z": 1,
                "x": 1
            },
            "name": "GameObject (4)",
            "localRotation": {
                "y": 0,
                "z": 0,
                "x": 0
            },
            "id": 1248,
            "children": [
                
            ],
            "localPosition": {
                "y": 0.75,
                "z": -2.21000003814697,
                "x": 1.21000003814697
            },
            "shapeType": "Sphere"
        },
        {
            "radius": 0.75,
            "type": "Shape",
            "materialID": 1237,
            "localScale": {
                "y": 1,
                "z": 1,
                "x": 1
            },
            "name": "GameObject (5)",
            "localRotation": {
                "y": 0,
                "z": 0,
                "x": 0
            },
            "id": 1236,
            "children": [
                
            ],
            "localPosition": {
                "y": 0.75,
                "z": -4.09999990463257,
                "x": 2.70000004768372
            },
            "shapeType": "Sphere"
        },
        {
            "radius": 0.75,
            "type": "Shape",
            "materialID": 1235,
            "localScale": {
                "y": 1,
                "z": 1,
                "x": 1
            },
            "name": "GameObject (6)",
            "localRotation": {
                "y": 0,
                "z": 0,
                "x": 0
            },
            "id": 1251,
            "children": [
                
            ],
            "localPosition": {
                "y": 0.75,
                "z": 10.4200000762939,
                "x": -6.94999980926514
            },
            "shapeType": "Sphere"
        },
        {
            "type": "Camera",
            "localScale": {
                "y": 1,
                "z": 1,
                "x": 1
            },
            "name": "Main Camera",
            "localRotation": {
                "y": -6.46350002288818,
                "z": 0.000199999994947575,