{
    "mainCameraId": 1241,
    "objects": [
        {
            "type": "Light",
            "localScale": {
                "y": 1.20000004768372,
                "z": 1.20000004768372,
                "x": 1.20000004768372
            },
            "name": "AreaLight",
            "localRotation": {
                "y": 0,
                "z": 0,
                "x": 89.9801940917969
            },
            "lightType": "Rectangle",
            "width": 1,
            "color": {
                "a": 1,
                "r": 1,
                "g": 1,
                "b": 1
            },
            "id": 1249,
            "intensity": 1.79999995231628,
            "children": [
                
            ],
            "height": 1,
            "localPosition": {
                "y": 5.45313310623169,
                "z": 2.57999992370605,
                "x": 0.120537623763084
            }
        },
        {
            "type": "Camera",
            "localScale": {
                "y": 1,
                "z": 1,
                "x": 1
            },
            "name": "Main Camera",
            "localRotation": {
                "y": 0,
                "z": 0,
                "x": 0
            },
            "fieldOfView": 27,
            "id": 1241,
            "children": [
                
            ],
            "localPosition": {
                "y": 2.72722411155701,
                "z": -10.5803899765015,
                "x": 0.212301790714264
            },
            "cameraType": "ThinLens",
            "focusDistance": 12.5
        },
        {
            "id": 1248,
            "localRotation": {
                "y": 0,
                "z": 0,
                "x": 0
            },
            "children": [
                {
                    "type": "Shape",
                    "materialID": 1243,
                    "localScale": {
                        "y": 1,
                        "z": 1,
                        "x": 1
                    },
                    "name": "ceiling",
                    "localRotation": {
                        "y": -180,
                        "z": 0,
                        "x": -89.9801940917969
                    },
                    "meshId": 1244,
                    "id": 1242,
                    "children": [
                        
                    ],
                    "localPosition": {
                        "y": 5.48577165603638,
                        "z": 2.80036926269531,
                        "x": 0.111319065093994
                    },
                    "shapeType": "Mesh"
                },
                {
                    "type": "Shape",
                    "materialID": 1246,
                    "localScale": {
                        "y": 0.699999988079071,
                        "z": 0.699999988079071,
                        "x": 0.699999988079071
                    },
                    "name": "GameObject",
                    "localRotation": {
                        "y": 0,
                        "z": 0,
                        "x": 0
                    },
                    "width": 10,
                    "finite": true,
                    "id": 1245,
                    "children": [
                        
                    ],
                    "height": 10,
                    "localPosition": {
                        "y": 0.0299999993294477,
                        "z": 2.80999994277954,
                        "x": 0
                    },
                    "shapeType": "Plane"
                },
                {
                    "type": "Shape",
                    "materialID": 1237,
                    "localScale": {
                        "y": 0.699999988079071,
                        "z": 0.699999988079071,
                        "x": 0.699999988079071
                    },
                    "name": "GameObject (1)",
                    "localRotation": {
                        "y": 0,
                        "z": -90,
                        "x": 0
                    },
                    "width": 10,
                    "finite": true,
                    "id": 1240,
                    "children": [
                        
                    ],
                    "height": 10,
                    "localPosition": {
                        "y": 2.54999995231628,
                        "z": 2.80999994277954,
                        "x": -2.65000009536743
                    },
                    "shapeType": "Plane"
                },
                {
                    "type": "Shape",
                    "materialID": 1237,
                    "localScale": {
                        "y": 0.699999868869781,
                        "z": 0.699999988079071,
                        "x": 0.699999868869781
                    },
                    "name": "GameObject (2)",
                    "localRotation": {
                        "y": 0,
                        "z": 90,
                        "x": 0
                    },
                    "width": 10,
                    "finite": true,
                    "id": 1239,
                    "children": [
                        
                    ],
                    "height": 10,
                    "localPosition": {
                        "y": 2.54999995231628,
                        "z": 2.80999994277954,
                        "x": 2.89000010490417
                    },
                    "shapeType": "Plane"
                },
                                {
                    "type": "Shape",
                    "materialID": 1237,
                    "localScale": {
                        "y": 0.699999868869781,
                        "z": 0.699999988079071,
                        "x": 0.699999868869781
                    },
                    "name": "GameObject (244444)",
                    "localRotation": {
                        "y": 90,
                        "z": 90,
                        "x": 0
                    },
                    "width": 10,
                    "finite": true,
                    "id": 1239,
                    "children": [
                        
                    ],
                    "height": 10,
                    "localPosition": {
                        "y": 2.55,
                        "z": 0.041,
                        "x": 0.53
                    },
                    "shapeType": "Plane"
                },
                {
                    "type": "Shape",
                    "materialID": 1237,
                    "localScale": {
                        "y": 0.699999749660492,
                        "z": 0.699999988079071,
                        "x": 0.699999749660492
                    },
                    "name": "GameObject (3)",
                    "localRotation": {
                        "y": 270,
                        "z": 90,
                        "x": 0
                    },
                    "width": 10,
                    "finite": true,
                    "id": 1236,
                    "children": [
                        
                    ],
                    "height": 10,
                    "localPosition": {
                        "y": 2.54999995231628,
                        "z": 5.55999994277954,
                        "x": 0.529999971389771
                    },
                    "shapeType": "Plane"
                },
                {
                    "radius": 2,
                    "type": "Shape",
                    "materialID": 1235,
                    "localScale": {
                        "y": 0.699999868869781,
                        "z": 0.700000107288361,
                        "x": 0.699999868869781
                    },
                    "name": "GameObject (4)",
                    "localRotation": {
                        "y": -90,
                        "z": 90,