{
    "mainCameraId": 1240,
    "objects": [
        {
            "type": "Light",
            "localScale": {
                "y": 1.20000004768372,
                "z": 1.20000004768372,
                "x": 1.20000004768372
            },
            "name": "AreaLight",
            "localRotation": {
                "y": 0,
                "z": 0,
                "x": 90
            },
            "lightType": "Rectangle",
            "width": 1.20000004768372,
            "color": {
                "a": 1,
                "r": 1,
                "g": 1,
                "b": 1
            },
            "id": 1250,
            "intensity": 2.79999995231628,
            "children": [
                
            ],
            "height": 1.20000004768372,
            "localPosition": {
                "y": 5.45313310623169,
                "z": 2.86317348480225,
                "x": 0.120537623763084
            }
        },
        {
            "type": "Camera",
            "localScale": {
                "y": 1,
                "z": 1,
                "x": 1
            },
            "name": "Main Camera",
            "localRotation": {
                "y": 0,
                "z": 0,
                "x": 0
            },
            "fieldOfView": 27,
            "id": 1240,
            "children": [
                
            ],
            "localPosition": {
                "y": 2.72722411155701,
                "z": -10.5803899765015,
                "x": 0.212301790714264
            },
            "cameraType": "Pinhole"
        },
        {
            "id": 1248,
            "localRotation": {
                "y": 0,
                "z": 0,
                "x": 0
            },
            "children": [
                {
                    "type": "Shape",
                    "materialID": 1242,
                    "localScale": {
                        "y": 1,
                        "z": 1,
                        "x": 1
                    },
                    "name": "back wall",
                    "localRotation": {
                        "y": -180,
                        "z": 0,
                        "x": -89.9801940917969
                    },
                    "meshId": 1243,
                    "id": 1241,
                    "children": [
                        
                    ],
                    "localPosition": {
                        "y": 2.73954629898071,
                        "z": 5.59418344497681,
                        "x": 0.111319065093994
                    },
                    "shapeType": "Mesh"
                },
                {
                    "type": "Shape",
                    "materialID": 1242,
                    "localScale": {
                        "y": 1,
                        "z": 1,
                        "x": 1
                    },
                    "name": "ceiling",
                    "localRotation": {
                        "y": -180,
                        "z": 0,
                        "x": -180
                    },
                    "width": 6,
                    "finite": true,
                    "id": 1244,
                    "children": [
                        
                    ],
                    "height": 6,
                    "localPosition": {
                        "y": 5.48577165603638,
                        "z": 2.80036926269531,
                        "x": 0.111319065093994
                    },
                    "shapeType": "Plane"
                },
                {
                    "type": "Shape",
                    "materialID": 1242,
                    "localScale": {
                        "y": 1,
                        "z": 1,
                        "x": 1
                    },
                    "name": "floor",
                    "localRotation": {
                        "y": -180,
                        "z": 0,
                        "x": 0
                    },
                    "width": 6,
                    "finite": true,
                    "id": 1249,
                    "children": [
                        
                    ],
                    "height": 6,
                    "localPosition": {
                        "y": -0.00222638295963407,
                        "z": 2.79599928855896,
                        "x": 0.127319097518921
                    },
                    "shapeType": "Plane"
                },
                {
                    "type": "Shape",
                    "materialID": 1235,
                    "localScale": {
                        "y": 1,
                        "z": 1,
                        "x": 1
                    },
                    "name": "left wall",
                    "localRotation": {
                        "y": -180,
                        "z": 0,
                        "x": -89.9801940917969
                    },
                    "meshId": 1236,
                    "id": 1234,
                    "children": [
                        
                    ],
                    "localPosition": {
                        "y": 2.74177265167236,
                        "z": 2.79818415641785,
                        "x": -2.63668084144592
                    },
                    "shapeType": "Mesh"
                },
                {
                    "type": "Shape",
                    "materialID": 1238,
                    "localScale": {
                        "y": 1,
                        "z": 1,
                        "x": 1
                    },
                    "name": "right wall",
                    "localRotation": {
                        "y": -180,
                        "z": 0,
                        "x": -89.9801940917969
                    },
                    "meshId": 1239,
                    "id": 1237,
                    "children": [
                        
                    ],
                    "localPosition": {
                        "y": 2.74177265167236,
                        "z": 2.79818415641785,
                        "x": 2.89131903648376
                    },
                    "shapeType": "Mesh"
                },
                {
                    "type": "Shape",
                    "materialID": 1246,
                    "localScale": {
                        "y": 1,
                        "z": 1,
                        "x": 1
                    },
                    "name": "short box",
                    "localRotation": {
                        "y": -180,
                        "z": 0,
                        "x": -89.9801940917969
                    },
                    "meshId": 1247,
                    "id": 1245,
                    "children": [
                        
                    ],
                    "localPosition": {
                        "y": 0.823658049106598,
                        "z": 1.6856564283371,
                        "x": 1.03131902217865
                    },
                    "shapeType": "Mesh"
                },
                {
                    "type": "Shape",
                    "materialID": 1252,
                    "localScale": {
                        "y": 1,
                        "z": 1,
                        "x": 1
                    },
                    "name": "tall box",
                    "localRotation": {
                        "y": -180,
                        "z": 0,
                        "x": -89.9801940917969
                    },
                    "meshId": 1253,
                    "id": 1251,
                    "children": [
                        
                    ],
                    "localPosition": {
                        "y": 1.64720058441162,
                        "z": 3.51631283760071,
                        "x": -0.793680906295776
                    },